,tetry17_s1,tetry17_s2,tetry20_s1,tetrid_s1,tetrid_s2
Br,0.15673049433442807,0.07523455019558423,0.1525854747167423,0.15673049433442807,0.07523455019558423
C,0.14943123756003815,0.07506455339565396,0.13572010784099586,0.026948173308084605,0.1043018886029996
Cl,0.2922185363687677,0.18337349651016366,0.1043018886029996,0.14943123756003815,0.07506455339565396
F,0.026948173308084605,0.1043018886029996,0.05332112282475925,0.08263142539441247,0.05332112282475925
O,0.05510646441591015,0.2203988059131011,0.2203988059131011,0.02594704121631211,0.1525854747167423
cyanide,0.08263142539441247,0.05332112282475925,0.07523455019558423,0.2922185363687677,0.18337349651016366
methylamine,0.02594704121631211,0.1525854747167423,0.18337349651016366,0.05510646441591015,0.2203988059131011
trifluoromethyl,0.21098662740204677,0.13572010784099586,0.07506455339565396,0.21098662740204677,0.13572010784099586
