,O,cyanide,methylamine,F,C,Cl,trifluoromethyl,Br
O2H,0.0023312269328605445,-0.42477074589263925,-0.03446113914218656,-0.026616297372818377,-0.050736276304037826,-0.16015108774816506,-0.3086620891712315,-0.17416827114526656
O,0.03765872224831232,-0.021781540733388893,0.054916289474652144,0.006686216040333613,0.029762969449132815,0.022818715921410982,0.05762921954750426,0.026726229578475157
OH,-0.04885140960660675,-0.10361785785346479,-0.069289744926288,-0.12895680148912386,0.007105422118911844,-0.12118837339541794,-0.08856987538333284,-0.1209137581600131
bare,0.00886146042543394,0.5501701444794928,0.048834594593822306,0.1488868828216085,0.013867884735993152,0.258520745222172,0.3396027450070601,0.2683557997268044
